snapshot_date,rank,path,title,count,uniques
2026-10-07,1,/danielep71/SACCR,Overview,8,1
2026-10-07,2,/danielep71/SACCR/issues,/issues,8,1
2026-10-07,3,/danielep71/SACCR/branches,/branches,3,1
2026-10-07,4,/danielep71/SACCR/actions/runs/37451696604,/actions/runs/37451696604,2,1
2026-10-07,5,/danielep71/SACCR/labels,/labels,2,1
2026-10-07,6,/danielep71/SACCR/milestone/1,/milestone/1,2,1
2026-10-07,7,/danielep71/SACCR/milestones,/milestones,2,1
2026-10-07,8,/danielep71/SACCR/milestones/new,/milestones/new,2,1
2026-10-07,9,/danielep71/SACCR/actions,/actions,1,1
2026-10-07,10,/danielep71/SACCR/actions/workflows/labels-drift.yml,/actions/workflows/labels-drift.yml,1,1
